"","17.AAG","AEW541","AZD0530","AZD6244","Erlotinib","Irinotecan","L.685458","Lapatinib","LBW242","Nilotinib","Nutlin.3","Paclitaxel","Panobinostat","PD.0325901","PD.0332991","PF2341066","PHA.665752","PLX4720","RAF265","Sorafenib","TAE684","TKI258","Topotecan","ZD.6474"
"22RV1_PROSTATE",1,0,0,0,0,1,0,0,0,0,0,1,1,0,0,0,0,0,0,0,0,0,1,0
"5637_URINARY_TRACT",1,0,0,0,0,1,0,0,0,0,0,1,1,0,0,0,0,0,0,0,0,0,1,0
"639V_URINARY_TRACT",1,0,0,0,0,1,0,0,0,0,0,1,1,0,0,0,0,0,0,0,0,0,1,0
"697_HAEMATOPOIETIC_AND_LYMPHOID_TISSUE",1,0,0,0,0,1,1,0,0,0,0,1,1,0,0,0,0,0,1,0,0,0,1,0
"769P_KIDNEY",1,0,0,0,0,0,0,0,0,0,0,1,1,0,0,0,0,0,0,0,0,0,0,0
"8305C_THYROID",1,0,0,0,0,0,0,0,0,0,0,1,1,0,0,0,0,0,0,0,0,0,1,0
"8505C_THYROID",1,0,0,0,0,1,0,0,0,0,0,1,1,1,0,0,0,0,0,0,0,0,1,0
"A172_CENTRAL_NERVOUS_SYSTEM",1,0,0,0,0,0,0,0,0,0,0,1,1,0,0,0,0,0,0,0,0,0,1,0
"A204_SOFT_TISSUE",1,0,0,0,0,1,0,0,0,0,0,1,1,0,0,0,0,0,1,0,0,0,1,0
"A2058_SKIN",1,0,0,0,0,1,0,0,0,0,0,1,1,1,0,0,0,0,0,0,0,0,1,0
"A2780_OVARY",1,0,0,0,0,1,0,0,0,0,0,1,1,1,0,0,0,0,0,0,0,0,1,0
"A375_SKIN",1,0,0,1,0,1,0,0,0,0,0,1,1,1,0,0,0,1,0,0,0,0,1,0
"A549_LUNG",1,0,0,0,0,1,0,0,0,0,0,1,1,1,0,0,0,0,0,0,0,0,0,0
"ALLSIL_HAEMATOPOIETIC_AND_LYMPHOID_TISSUE",0,0,1,0,0,1,1,0,0,1,0,1,1,0,0,0,0,0,0,0,0,0,1,0
"AMO1_HAEMATOPOIETIC_AND_LYMPHOID_TISSUE",1,1,0,0,0,1,0,1,0,0,0,1,1,0,0,0,0,0,0,0,1,0,1,0
"ASPC1_PANCREAS",1,0,0,0,0,0,0,0,0,0,0,1,1,1,0,0,0,0,0,0,0,0,0,0
"BCPAP_THYROID",1,0,0,0,0,1,0,0,0,0,0,1,1,0,0,0,0,0,0,0,0,0,1,0
"BL41_HAEMATOPOIETIC_AND_LYMPHOID_TISSUE",0,0,0,0,0,1,0,0,0,0,0,1,1,0,0,0,0,0,0,0,0,0,1,0
"BL70_HAEMATOPOIETIC_AND_LYMPHOID_TISSUE",1,0,0,0,0,1,0,0,0,0,0,1,1,0,0,0,0,0,0,0,0,0,1,0
"BT20_BREAST",0,0,0,0,0,1,0,0,0,0,0,1,1,0,0,0,0,0,0,0,0,0,0,0
"BT549_BREAST",1,0,0,0,0,1,0,0,0,0,0,1,1,0,0,0,0,0,0,0,0,0,1,0
"C32_SKIN",1,0,0,0,0,0,0,0,0,0,0,1,0,1,0,0,0,0,0,0,0,0,1,0
"CAKI2_KIDNEY",1,0,0,0,0,0,0,0,0,0,0,1,1,0,0,0,0,0,0,0,0,0,0,0
"CAL78_BONE",1,0,0,0,0,1,0,0,0,0,0,1,1,0,0,0,0,0,0,0,0,0,0,0
"CAL851_BREAST",1,0,0,0,0,1,0,0,0,0,0,1,1,0,0,0,0,0,0,0,0,0,0,0
"CALU1_LUNG",1,0,0,0,0,0,0,0,0,0,0,1,1,0,0,0,0,0,0,0,0,0,0,0
"CAMA1_BREAST",1,0,0,0,0,1,0,0,0,0,0,1,1,0,0,0,0,0,0,0,0,0,0,0
"CAPAN2_PANCREAS",1,1,0,0,0,0,0,0,0,1,0,1,1,1,0,1,0,0,0,0,0,0,0,0
"CAS1_CENTRAL_NERVOUS_SYSTEM",0,0,0,0,0,0,0,0,0,0,0,1,1,0,0,0,0,0,0,0,0,0,0,0
"CI1_HAEMATOPOIETIC_AND_LYMPHOID_TISSUE",1,0,0,0,0,1,0,0,0,0,0,1,1,0,0,0,0,0,1,0,0,1,1,0
"COLO320_LARGE_INTESTINE",0,0,0,0,0,1,0,0,0,0,0,1,1,0,0,0,0,0,1,0,1,0,0,0
"COLO678_LARGE_INTESTINE",1,0,0,0,0,0,0,0,0,0,0,0,1,1,0,0,0,0,0,0,0,0,0,0
"COLO679_SKIN",1,0,0,1,0,0,0,0,0,0,0,1,1,1,0,0,0,0,0,0,0,0,0,0
"COLO699_LUNG",1,0,0,0,0,1,0,0,0,0,0,1,1,0,0,0,0,0,0,0,0,0,0,0
"CORL23_LUNG",0,0,0,0,0,1,0,0,0,0,0,1,1,0,0,0,0,0,0,0,0,0,0,0
"COV318_OVARY",0,0,0,0,0,0,0,0,0,0,0,0,1,0,0,0,0,0,0,0,0,0,0,0
"DAOY_CENTRAL_NERVOUS_SYSTEM",1,0,0,0,0,1,0,0,0,0,0,1,1,0,0,0,0,0,0,0,0,0,1,0
"DBTRG05MG_CENTRAL_NERVOUS_SYSTEM",1,0,0,1,0,1,0,0,0,0,0,1,1,0,0,0,0,0,1,0,0,0,1,0
"DEL_HAEMATOPOIETIC_AND_LYMPHOID_TISSUE",1,0,0,0,0,1,1,0,0,0,0,1,1,0,0,1,0,0,1,0,1,0,1,0
"DKMG_CENTRAL_NERVOUS_SYSTEM",1,0,0,0,0,0,0,0,0,0,0,1,1,0,0,0,0,0,0,0,0,0,0,0
"DOHH2_HAEMATOPOIETIC_AND_LYMPHOID_TISSUE",1,0,0,0,0,1,0,0,0,0,0,1,1,0,0,0,0,0,0,1,0,0,1,0
"EBC1_LUNG",1,0,0,0,0,1,0,0,0,0,0,1,1,1,0,1,1,0,0,0,0,0,1,0
"EFE184_ENDOMETRIUM",1,0,0,0,0,0,0,0,0,0,0,0,1,0,0,0,0,0,0,0,0,0,0,0
"EFM19_BREAST",1,0,0,0,0,0,0,0,1,0,0,1,1,0,0,0,0,0,0,0,0,0,0,0
"EFO21_OVARY",1,0,0,0,0,0,0,0,0,0,0,1,1,0,0,0,0,0,0,0,0,0,0,0
"EM2_HAEMATOPOIETIC_AND_LYMPHOID_TISSUE",1,0,1,1,0,1,1,0,0,1,0,1,1,1,0,0,0,0,0,0,0,0,1,0
"EN_ENDOMETRIUM",0,0,0,0,0,0,0,0,0,0,0,1,1,0,0,0,0,0,0,0,0,0,0,0
"F36P_HAEMATOPOIETIC_AND_LYMPHOID_TISSUE",1,1,0,1,0,0,1,0,0,0,0,1,1,1,0,0,0,0,1,1,1,0,0,0
"FUOV1_OVARY",1,0,0,0,0,1,0,0,0,0,0,1,1,0,0,0,0,0,0,0,0,0,0,0
"G361_SKIN",1,0,0,1,0,1,0,0,0,0,0,1,1,1,0,0,0,0,0,0,0,0,1,0
"G401_SOFT_TISSUE",1,0,0,0,0,1,0,0,0,0,0,1,1,0,0,0,0,0,0,0,0,0,1,0
"GB1_CENTRAL_NERVOUS_SYSTEM",0,0,0,0,0,1,0,0,0,0,0,1,1,0,0,0,0,0,1,0,0,0,1,0
"GCT_SOFT_TISSUE",1,0,0,0,0,1,0,0,0,0,0,1,1,0,0,0,0,0,1,0,0,0,1,0
"GMS10_CENTRAL_NERVOUS_SYSTEM",1,0,0,0,0,0,0,0,0,0,0,1,1,0,0,0,0,0,0,0,0,0,0,0
"GRANTA519_HAEMATOPOIETIC_AND_LYMPHOID_TISSUE",1,0,0,0,0,1,1,0,0,1,0,1,1,0,0,0,0,0,0,0,0,0,1,0
"HCC1569_BREAST",1,0,0,0,0,0,0,0,0,0,0,0,1,0,0,0,0,0,0,0,0,0,0,0
"HCC2935_LUNG",1,0,0,0,1,0,0,0,0,0,0,0,1,0,0,0,0,0,0,0,0,0,0,1
"HCC4006_LUNG",1,0,0,0,1,0,0,0,0,0,0,1,1,0,0,0,0,0,0,0,0,0,0,1
"HCC70_BREAST",1,0,0,0,0,1,0,0,0,0,0,1,1,0,0,0,0,0,0,0,0,0,1,0
"HCT116_LARGE_INTESTINE",1,0,0,0,0,1,0,0,0,0,0,1,1,1,0,0,0,0,0,0,0,0,1,0
"HCT15_LARGE_INTESTINE",0,0,0,0,0,1,0,0,0,0,0,1,1,0,0,0,0,0,0,0,0,0,1,0
"HDQP1_BREAST",1,0,0,0,0,1,0,0,0,1,0,1,1,0,0,0,0,0,0,0,0,0,1,0
"HEC151_ENDOMETRIUM",1,0,0,0,0,1,0,0,0,0,0,1,1,1,0,0,0,0,1,0,0,0,1,0
"HEC1B_ENDOMETRIUM",1,0,1,0,0,0,0,0,0,0,0,1,1,0,0,0,0,0,0,1,0,0,0,1
"HEC251_ENDOMETRIUM",0,0,0,0,0,0,0,0,0,0,0,1,1,0,0,0,0,0,0,0,0,0,0,0
"HEC265_ENDOMETRIUM",1,0,0,0,0,1,0,0,0,0,0,1,1,0,0,0,0,0,0,0,0,0,1,0
"HEC59_ENDOMETRIUM",1,0,0,0,0,1,0,0,0,0,0,1,1,0,0,0,0,0,0,0,0,0,1,0
"HEC6_ENDOMETRIUM",0,0,0,0,0,0,0,0,0,0,0,1,1,0,0,0,0,0,0,0,0,0,0,0
"HEP3B217_LIVER",1,0,0,0,0,0,0,0,0,0,0,0,1,0,0,0,0,0,0,0,0,0,0,0
"HEPG2_LIVER",1,0,0,1,0,1,0,0,0,0,0,1,1,1,0,0,0,0,0,0,0,0,1,0
"HGC27_STOMACH",1,0,0,0,0,0,0,0,0,0,0,1,1,0,0,0,0,0,0,0,0,0,1,0
"HLF_LIVER",1,0,0,0,0,1,0,0,0,0,0,1,1,0,0,0,0,0,0,0,0,0,1,0
"HMC18_BREAST",1,0,0,1,0,0,0,0,0,0,0,1,1,1,0,0,0,0,0,0,0,0,0,0
"HMCB_SKIN",1,0,0,0,0,1,0,0,0,0,0,1,1,0,0,0,0,0,1,0,0,0,1,0
"HOS_BONE",1,0,0,0,0,1,0,0,0,0,0,1,1,0,0,0,0,0,0,0,0,0,0,0
"HPAC_PANCREAS",1,0,0,0,0,0,0,0,0,0,0,1,1,1,0,0,1,0,0,0,0,0,1,1
"HS294T_SKIN",1,0,0,0,0,1,0,0,0,0,0,1,1,0,0,0,0,0,0,0,0,0,0,0
"HS683_CENTRAL_NERVOUS_SYSTEM",1,0,0,0,0,1,0,0,0,0,0,1,1,0,0,0,0,0,0,0,0,0,0,0
"HS695T_SKIN",1,0,0,0,0,1,0,0,0,0,0,1,1,1,0,0,0,0,0,0,0,0,0,0
"HS739T_BREAST",0,0,0,0,0,0,0,0,0,0,0,1,1,0,0,0,0,0,0,0,0,0,0,0
"HS766T_PANCREAS",1,0,0,0,0,0,0,0,0,0,0,0,1,1,0,0,0,0,0,0,0,0,0,0
"HS840T_UPPER_AERODIGESTIVE_TRACT",1,0,0,0,0,0,0,0,0,0,0,1,1,0,0,0,0,0,1,0,0,0,0,0
"HS852T_SKIN",1,0,0,0,0,0,0,0,0,0,0,1,1,0,0,0,0,0,0,0,0,0,0,0
"HS936T_SKIN",1,0,0,1,0,0,0,0,0,0,0,1,1,1,0,0,0,0,0,0,0,0,0,0
"HS944T_SKIN",1,0,0,0,0,1,0,0,1,0,0,1,1,1,0,0,0,0,1,0,0,0,1,0
"HSC2_UPPER_AERODIGESTIVE_TRACT",1,0,0,0,0,1,0,0,0,0,0,1,1,0,0,0,0,0,0,0,0,0,1,0
"HT1197_URINARY_TRACT",0,0,0,0,0,0,0,0,0,0,0,0,1,0,0,0,0,0,0,0,0,0,0,0
"HT1376_URINARY_TRACT",1,0,0,0,0,0,0,0,0,0,0,1,1,0,0,0,0,0,0,0,0,0,0,0
"HT144_SKIN",1,0,0,1,0,0,0,0,0,0,0,1,1,1,0,0,0,0,1,0,0,0,0,0
"HT29_LARGE_INTESTINE",1,0,0,1,0,1,0,0,0,0,0,1,1,1,0,0,0,0,0,0,0,0,0,0
"HUCCT1_BILIARY_TRACT",1,0,0,0,0,0,0,0,0,0,0,1,1,0,0,0,0,0,0,0,0,0,0,0
"HUH1_LIVER",1,0,0,0,0,1,0,0,0,0,0,1,1,0,0,0,0,0,0,0,0,0,1,0
"HUPT3_PANCREAS",1,0,0,0,0,0,0,0,0,0,0,1,1,1,0,0,0,0,0,0,0,0,0,0
"IALM_LUNG",0,0,0,0,0,0,0,0,0,0,0,0,1,0,0,0,0,0,0,0,0,0,0,0
"IGR37_SKIN",0,1,0,1,0,1,0,0,0,0,0,1,1,1,0,0,0,0,0,0,0,0,0,0
"IGR39_SKIN",0,0,0,0,0,1,0,0,0,0,0,1,1,0,0,0,0,0,0,0,0,0,0,0
"IPC298_SKIN",1,0,0,1,0,1,0,0,0,0,0,1,1,1,0,0,0,0,1,0,0,0,1,0
"ISTMES1_PLEURA",0,0,0,0,0,0,0,0,0,0,0,1,1,0,0,0,0,0,0,0,0,0,1,0
"ISTMES2_PLEURA",1,0,0,0,0,1,0,0,0,0,0,1,1,0,1,0,0,0,1,0,0,0,1,0
"JHH2_LIVER",0,0,0,0,0,0,0,0,0,0,0,1,1,0,0,0,0,0,0,0,0,0,0,0
"JHH4_LIVER",0,0,0,0,0,1,0,0,0,0,0,1,1,0,0,0,0,0,0,0,0,0,1,0
"JHH6_LIVER",1,0,0,0,0,0,0,0,0,0,0,1,1,0,0,0,0,0,0,0,0,0,0,0
"JMSU1_URINARY_TRACT",1,0,0,0,0,1,0,0,0,0,0,1,1,0,0,0,0,0,1,0,1,1,1,0
"JURKAT_HAEMATOPOIETIC_AND_LYMPHOID_TISSUE",0,0,0,0,0,1,0,0,0,0,0,1,1,0,0,0,0,0,1,0,0,0,1,0
"JVM3_HAEMATOPOIETIC_AND_LYMPHOID_TISSUE",1,0,0,0,0,1,1,0,0,0,1,1,1,0,1,0,0,0,1,0,0,0,1,0
"K029AX_SKIN",1,0,0,1,0,1,0,0,0,0,0,1,1,1,0,0,0,0,0,0,0,0,0,0
"KALS1_CENTRAL_NERVOUS_SYSTEM",1,0,0,0,0,0,0,0,0,0,0,1,1,0,0,0,0,0,1,0,0,0,1,0
"KARPAS422_HAEMATOPOIETIC_AND_LYMPHOID_TISSUE",1,0,0,0,0,1,0,0,0,0,0,0,1,0,0,0,0,0,0,0,0,0,1,0
"KARPAS620_HAEMATOPOIETIC_AND_LYMPHOID_TISSUE",0,0,0,1,0,0,0,0,0,0,0,1,1,1,0,0,0,0,0,0,1,0,0,0
"KASUMI2_HAEMATOPOIETIC_AND_LYMPHOID_TISSUE",1,0,0,0,0,1,0,0,0,0,0,1,1,0,0,0,0,0,0,0,0,0,1,0
"KCL22_HAEMATOPOIETIC_AND_LYMPHOID_TISSUE",1,0,0,1,0,1,0,0,0,1,0,1,1,1,0,0,0,0,0,0,0,0,1,0
"KE97_HAEMATOPOIETIC_AND_LYMPHOID_TISSUE",1,0,0,0,0,1,0,0,0,0,0,1,1,0,0,0,0,0,1,0,0,0,1,0
"KG1_HAEMATOPOIETIC_AND_LYMPHOID_TISSUE",1,0,0,0,0,1,0,0,0,0,0,1,1,1,0,0,0,0,1,0,0,1,1,0
"KHM1B_HAEMATOPOIETIC_AND_LYMPHOID_TISSUE",1,1,0,0,0,1,0,0,0,0,0,1,1,0,0,0,0,0,0,0,1,0,1,0
"KLE_ENDOMETRIUM",0,0,0,0,0,0,0,0,0,0,0,0,1,0,0,0,0,0,0,0,0,0,0,0
"KMBC2_URINARY_TRACT",1,0,0,0,0,0,0,0,0,0,0,1,1,0,0,0,0,0,0,0,0,0,0,0
"KMM1_HAEMATOPOIETIC_AND_LYMPHOID_TISSUE",1,0,0,0,0,1,0,0,0,0,0,1,1,0,0,0,0,0,0,0,0,0,1,0
"KMRC1_KIDNEY",1,0,0,0,0,1,0,0,0,0,0,1,1,0,0,0,0,0,0,0,0,0,0,0
"KMRC2_KIDNEY",0,1,0,0,0,0,0,0,0,0,0,1,1,0,0,0,0,0,0,0,0,0,0,0
"KMS11_HAEMATOPOIETIC_AND_LYMPHOID_TISSUE",1,1,0,0,0,1,0,0,0,0,0,1,1,0,0,0,0,0,0,0,1,0,0,0
"KMS26_HAEMATOPOIETIC_AND_LYMPHOID_TISSUE",1,0,0,0,0,1,0,0,0,0,0,1,1,0,0,0,0,0,0,0,0,0,1,0
"KMS34_HAEMATOPOIETIC_AND_LYMPHOID_TISSUE",1,1,0,0,0,1,0,0,0,0,0,1,1,0,0,0,0,0,0,0,1,0,1,0
"KNS42_CENTRAL_NERVOUS_SYSTEM",0,0,0,0,0,0,0,0,0,0,0,1,1,0,0,0,0,0,0,0,0,0,0,0
"KNS60_CENTRAL_NERVOUS_SYSTEM",1,0,0,0,0,1,0,0,0,0,0,1,1,0,0,0,0,0,0,0,0,0,1,0
"KNS81_CENTRAL_NERVOUS_SYSTEM",1,0,0,0,0,1,0,0,0,0,0,1,1,0,0,0,0,0,0,0,0,0,1,0
"KO52_HAEMATOPOIETIC_AND_LYMPHOID_TISSUE",0,0,0,1,0,1,1,0,0,0,0,1,1,1,0,0,0,0,1,1,0,0,1,0
"KP3_PANCREAS",1,0,0,0,0,0,0,0,0,0,0,1,1,0,0,0,0,0,0,0,0,0,0,0
"KP4_PANCREAS",1,0,0,0,0,1,0,0,0,0,0,1,1,0,0,0,0,0,0,0,0,0,0,0
"KPNSI9S_AUTONOMIC_GANGLIA",1,0,0,1,0,1,0,0,0,0,0,1,1,1,0,0,0,0,0,0,0,0,1,0
"KU812_HAEMATOPOIETIC_AND_LYMPHOID_TISSUE",1,0,1,1,0,1,0,0,0,1,0,1,1,1,0,0,0,0,0,0,0,0,1,1
"KURAMOCHI_OVARY",1,0,0,0,0,0,0,0,0,0,0,1,1,0,0,0,0,0,0,0,0,0,0,0
"KYSE30_OESOPHAGUS",0,0,0,0,0,0,0,0,0,0,0,1,1,1,0,0,0,0,0,0,0,0,0,0
"KYSE410_OESOPHAGUS",1,0,0,0,0,1,0,0,0,0,0,1,1,0,0,0,0,0,0,0,0,0,0,0
"KYSE520_OESOPHAGUS",1,0,0,0,0,0,0,0,0,0,0,1,1,0,0,0,0,0,0,0,0,0,0,0
"L33_PANCREAS",1,0,0,0,0,1,0,0,0,0,0,1,1,0,0,0,0,0,0,0,0,0,1,0
"L363_HAEMATOPOIETIC_AND_LYMPHOID_TISSUE",1,0,0,0,0,1,0,0,1,0,0,1,1,0,0,0,0,0,1,0,1,0,1,0
"L428_HAEMATOPOIETIC_AND_LYMPHOID_TISSUE",0,0,0,0,0,1,0,0,0,0,0,1,1,0,0,0,0,0,1,0,0,0,1,0
"LCLC103H_LUNG",0,0,0,0,0,0,0,0,0,0,0,1,1,0,0,0,0,0,0,0,0,0,0,0
"LOUNH91_LUNG",0,0,0,0,0,1,0,0,0,0,0,1,1,0,0,0,0,0,0,0,0,0,1,0
"LP1_HAEMATOPOIETIC_AND_LYMPHOID_TISSUE",0,1,0,0,0,0,0,0,0,0,0,0,1,0,0,1,0,0,0,0,0,0,0,0
"LS513_LARGE_INTESTINE",1,0,0,1,0,1,0,0,0,0,0,1,1,1,0,0,0,0,0,0,1,0,0,0
"LU99_LUNG",1,0,0,0,0,1,0,0,0,0,0,1,1,1,0,0,0,0,1,0,0,0,1,0
"MALME3M_SKIN",1,0,0,1,0,0,0,0,0,0,0,1,1,1,0,0,0,1,1,0,0,0,0,0
"MCAS_OVARY",1,0,0,0,0,0,0,0,0,0,0,1,1,0,0,0,0,0,0,0,0,0,0,0
"MDAMB435S_SKIN",1,0,0,1,0,1,0,0,0,0,0,1,1,1,0,0,0,0,0,0,0,0,1,0
"MDAMB453_BREAST",1,0,0,0,0,1,0,0,0,0,0,1,1,0,0,0,0,0,0,0,1,0,1,0
"MDAMB468_BREAST",1,0,0,0,0,1,0,0,0,0,0,1,1,0,0,0,0,0,0,0,0,0,1,0
"MEC1_HAEMATOPOIETIC_AND_LYMPHOID_TISSUE",1,0,0,0,0,1,0,0,0,0,0,1,1,0,0,0,0,0,0,0,0,0,1,0
"MEG01_HAEMATOPOIETIC_AND_LYMPHOID_TISSUE",0,0,0,0,0,1,0,0,0,1,0,1,1,1,0,0,0,0,0,0,0,0,0,0
"MELHO_SKIN",0,0,0,1,0,1,0,0,0,0,0,1,1,1,0,0,0,1,0,0,0,0,0,0
"MEWO_SKIN",0,0,0,0,0,0,0,0,0,0,0,1,1,0,0,0,0,0,0,0,0,0,0,0
"MFE280_ENDOMETRIUM",1,0,0,0,0,0,0,0,0,0,0,1,1,0,0,0,0,0,0,0,0,0,0,0
"MG63_BONE",0,0,0,0,0,1,0,0,0,0,0,1,1,0,0,0,0,0,0,0,0,0,1,0
"MHHES1_BONE",1,0,0,0,0,1,0,0,0,0,0,1,1,1,0,0,0,0,1,0,0,0,1,0
"MIAPACA2_PANCREAS",1,0,0,1,0,1,0,0,0,0,0,1,1,1,0,0,0,0,0,0,0,0,1,0
"MINO_HAEMATOPOIETIC_AND_LYMPHOID_TISSUE",1,0,0,0,0,1,0,0,0,0,0,1,1,0,0,1,0,0,1,0,1,0,1,0
"MKN45_STOMACH",1,0,0,0,0,1,0,0,0,0,0,1,1,1,0,1,1,0,1,0,0,0,1,0
"MKN7_STOMACH",0,0,0,0,0,1,0,0,0,0,0,0,1,0,0,0,0,0,0,0,0,0,0,0
"MKN74_STOMACH",1,0,0,0,0,0,0,0,0,0,0,1,1,0,0,0,0,0,0,0,0,0,0,0
"MOLP8_HAEMATOPOIETIC_AND_LYMPHOID_TISSUE",1,1,0,0,0,1,1,0,0,0,0,1,1,0,0,0,0,0,0,0,0,0,1,0
"MOLT16_HAEMATOPOIETIC_AND_LYMPHOID_TISSUE",1,0,0,0,0,1,0,0,0,0,0,1,1,0,0,0,0,0,1,0,0,1,1,0
"MONOMAC1_HAEMATOPOIETIC_AND_LYMPHOID_TISSUE",1,0,0,0,0,1,0,0,0,0,0,1,1,0,0,1,0,0,1,1,1,1,1,0
"MPP89_PLEURA",1,0,0,0,0,1,0,0,0,0,0,1,1,0,0,0,0,0,0,0,0,0,1,0
"NCIH1048_LUNG",1,0,0,0,0,1,0,0,0,0,0,1,1,0,0,0,0,0,0,0,0,0,1,0
"NCIH1092_LUNG",0,0,0,0,0,1,0,0,0,0,0,0,1,0,0,0,0,0,0,0,0,0,1,0
"NCIH1184_LUNG",1,0,0,0,0,1,0,0,0,0,0,1,1,0,0,0,0,0,0,0,0,0,1,0
"NCIH1339_LUNG",1,0,0,0,0,1,0,0,0,0,0,1,1,0,0,0,0,0,0,0,0,0,1,0
"NCIH1341_LUNG",1,1,0,0,0,1,0,0,0,0,0,1,1,0,0,0,0,0,0,0,0,0,1,0
"NCIH1373_LUNG",1,0,0,0,0,0,0,0,0,0,0,0,1,0,0,0,0,0,0,0,0,0,0,0
"NCIH1666_LUNG",1,0,0,1,1,1,0,1,0,0,0,1,1,1,0,0,0,0,1,0,1,0,0,0
"NCIH1693_LUNG",0,0,0,0,0,1,0,0,0,0,0,1,1,0,0,0,0,0,0,0,0,0,1,0
"NCIH1694_LUNG",0,0,0,0,0,1,0,0,0,0,0,1,1,0,0,0,0,0,0,0,0,0,1,0
"NCIH1869_LUNG",1,0,0,0,0,0,0,0,0,0,0,0,1,0,0,0,0,0,0,0,0,0,0,0
"NCIH1915_LUNG",1,0,0,0,0,1,0,0,0,0,0,1,1,1,0,0,0,0,1,0,0,0,0,0
"NCIH1975_LUNG",1,0,0,0,0,0,0,0,0,0,0,1,1,0,0,0,0,0,0,0,0,0,0,0
"NCIH2009_LUNG",1,0,0,0,0,1,0,0,0,0,0,1,1,0,0,0,0,0,0,0,0,0,0,0
"NCIH2030_LUNG",1,0,0,0,0,0,0,0,0,0,0,1,1,0,0,0,0,0,0,0,0,0,1,0
"NCIH211_LUNG",1,0,0,0,0,1,0,0,0,0,0,1,1,0,0,0,0,0,0,0,0,0,1,0
"NCIH2122_LUNG",1,1,0,0,0,1,0,0,0,0,0,1,1,1,0,0,0,0,1,0,0,0,1,0
"NCIH2170_LUNG",1,0,0,0,0,1,0,1,0,0,0,1,1,0,0,0,0,0,0,0,0,0,1,0
"NCIH2228_LUNG",1,0,0,0,0,1,0,0,0,0,0,1,1,0,0,0,0,0,0,0,1,0,1,0
"NCIH2286_LUNG",1,0,0,0,0,1,0,0,0,0,0,1,1,0,0,0,0,0,1,0,0,0,1,0
"NCIH2444_LUNG",1,0,0,0,0,0,0,0,0,0,0,1,1,1,0,0,0,0,0,0,0,0,0,0
"NCIH2452_PLEURA",1,0,0,0,0,1,0,0,0,0,0,1,1,0,0,0,0,0,1,0,0,0,0,0
"NCIH322_LUNG",1,0,0,1,0,1,0,0,0,0,0,1,1,1,0,0,0,0,0,0,0,0,0,0
"NCIH3255_LUNG",1,0,1,0,1,0,0,1,0,0,0,0,1,0,0,0,0,0,0,0,0,0,0,1
"NCIH441_LUNG",1,0,0,0,0,1,0,0,0,0,0,1,1,0,0,0,0,0,0,0,0,0,1,0
"NCIH520_LUNG",1,0,0,0,0,1,0,0,0,0,0,1,1,0,0,0,0,0,0,0,0,0,0,0
"NCIH522_LUNG",1,0,0,0,0,0,0,0,0,0,0,1,1,0,0,0,0,0,0,0,0,0,0,0
"NCIH661_LUNG",0,0,0,0,0,1,0,0,0,0,0,1,1,0,0,0,0,0,0,0,0,0,0,0
"NCIH727_LUNG",1,0,0,1,0,0,0,0,0,0,0,0,1,1,0,0,0,0,0,0,0,0,0,0
"NCIH810_LUNG",0,0,0,0,0,1,0,0,0,0,0,1,1,0,0,0,0,0,0,0,0,0,0,0
"NCO2_HAEMATOPOIETIC_AND_LYMPHOID_TISSUE",1,0,1,0,0,1,0,0,0,1,0,1,1,1,0,0,0,0,0,0,1,0,1,0
"NIHOVCAR3_OVARY",1,0,0,0,0,1,0,0,0,0,0,1,1,0,0,0,0,0,0,0,0,0,0,0
"NUGC3_STOMACH",1,0,0,0,0,1,0,0,0,0,0,1,1,0,0,0,0,0,0,0,0,0,1,0
"OC316_OVARY",1,0,0,0,0,1,0,0,0,0,0,1,1,0,0,0,0,0,0,0,0,0,1,0
"OCIAML2_HAEMATOPOIETIC_AND_LYMPHOID_TISSUE",1,0,0,1,0,1,0,0,0,0,0,1,1,1,0,0,0,0,0,0,0,0,1,0
"OCIAML5_HAEMATOPOIETIC_AND_LYMPHOID_TISSUE",1,0,0,0,0,1,0,0,0,0,0,1,1,1,0,0,0,0,0,0,0,0,1,0
"OCUM1_STOMACH",1,0,0,1,0,1,0,0,0,0,0,1,1,1,0,0,0,0,0,0,0,0,1,0
"OE21_OESOPHAGUS",1,0,0,0,1,0,0,0,0,1,0,1,1,1,0,0,0,0,0,0,0,0,1,0
"OE33_OESOPHAGUS",1,0,0,0,0,1,0,0,0,0,0,1,1,0,0,0,0,0,0,0,0,0,1,0
"ONCODG1_OVARY",1,0,0,0,0,0,0,0,0,0,0,1,1,0,0,0,0,0,0,0,0,0,0,0
"OPM2_HAEMATOPOIETIC_AND_LYMPHOID_TISSUE",0,0,0,0,0,1,0,0,0,0,0,1,1,0,0,0,0,0,0,0,0,0,1,0
"OV90_OVARY",1,0,0,1,0,1,0,0,0,0,0,1,1,1,0,0,0,0,0,0,0,0,1,0
"OVCAR4_OVARY",1,0,0,0,0,0,0,0,0,0,0,1,1,0,0,0,0,0,0,0,0,0,1,0
"OVCAR8_OVARY",1,0,0,0,0,1,0,0,0,0,0,1,1,0,0,0,0,0,0,0,0,0,1,0
"OVMANA_OVARY",1,0,0,0,0,0,0,0,0,0,0,0,1,0,0,0,0,0,0,0,0,0,0,0
"OVSAHO_OVARY",0,0,0,0,0,0,0,0,0,0,0,0,1,0,0,0,0,0,0,0,0,0,0,0
"P12ICHIKAWA_HAEMATOPOIETIC_AND_LYMPHOID_TISSUE",0,0,0,0,0,1,0,0,0,0,0,1,1,0,0,0,0,0,0,0,0,0,1,0
"P31FUJ_HAEMATOPOIETIC_AND_LYMPHOID_TISSUE",0,0,0,1,0,1,0,0,0,0,0,1,1,1,0,0,0,0,0,0,0,0,1,0
"PANC0203_PANCREAS",1,0,0,1,0,1,0,0,0,0,0,1,1,1,0,0,0,0,0,0,0,0,0,0
"PANC0327_PANCREAS",1,0,0,0,0,1,0,0,0,0,0,1,1,0,0,0,0,0,0,0,0,0,1,0
"PANC0403_PANCREAS",1,0,0,0,0,1,0,0,0,0,0,1,1,1,0,0,0,0,0,0,0,0,0,0
"PANC1005_PANCREAS",1,0,0,0,0,1,0,0,0,0,0,1,1,1,0,0,0,0,0,0,0,0,1,0
"PC3_PROSTATE",1,0,0,0,0,1,0,0,0,0,0,1,1,0,0,0,0,0,0,0,0,0,0,0
"PK1_PANCREAS",1,0,0,0,0,1,0,0,0,0,0,1,1,0,0,0,0,0,0,0,0,0,0,0
"PK45H_PANCREAS",1,0,0,1,0,0,0,0,0,0,0,1,1,1,0,0,0,0,0,0,0,0,0,0
"PK59_PANCREAS",1,0,0,0,0,0,0,0,0,0,0,1,1,1,0,0,0,0,0,0,0,0,0,0
"PLCPRF5_LIVER",1,0,0,0,0,1,0,0,0,0,0,1,1,0,0,0,0,0,0,0,0,0,0,0
"RERFLCAI_LUNG",1,0,0,0,0,1,0,0,0,0,0,1,1,0,0,0,0,0,0,0,0,0,1,0
"RKO_LARGE_INTESTINE",1,0,0,0,0,1,0,0,0,0,0,1,1,1,0,0,0,0,0,0,0,0,1,0
"RL952_ENDOMETRIUM",1,0,0,0,0,0,0,0,0,0,0,1,1,1,0,0,0,0,1,0,0,0,0,0
"RPMI8402_HAEMATOPOIETIC_AND_LYMPHOID_TISSUE",0,0,0,0,0,1,0,0,0,0,0,1,1,0,0,0,0,0,0,0,0,0,1,0
"RT112_URINARY_TRACT",1,0,0,0,0,1,0,0,0,0,0,1,1,1,0,0,0,0,0,0,0,0,1,0
"RT4_URINARY_TRACT",1,0,1,0,0,1,0,0,0,0,0,1,1,0,0,0,0,0,0,1,1,0,0,0
"RVH421_SKIN",1,0,0,1,0,0,0,0,0,0,0,1,1,1,0,0,0,0,0,0,0,0,0,0
"SAOS2_BONE",1,0,0,0,0,1,0,0,0,0,0,1,1,0,0,0,0,0,0,0,0,0,1,0
"SBC5_LUNG",1,0,0,0,0,1,0,0,0,0,0,1,1,0,0,0,0,0,0,0,0,0,1,0
"SCABER_URINARY_TRACT",1,0,0,0,0,1,0,0,0,0,0,1,1,0,0,0,0,0,0,0,0,0,0,0
"SF126_CENTRAL_NERVOUS_SYSTEM",0,0,0,0,0,1,0,0,0,0,0,1,1,0,0,0,0,0,0,0,0,0,1,0
"SF295_CENTRAL_NERVOUS_SYSTEM",1,0,0,0,0,1,0,0,0,0,0,1,1,0,0,0,0,0,0,0,0,0,1,0
"SH10TC_STOMACH",1,0,0,0,0,0,0,0,0,0,0,1,1,0,0,0,0,0,0,0,0,0,0,0
"SHP77_LUNG",1,0,0,0,0,0,0,0,0,0,0,1,1,0,0,0,0,0,0,0,0,0,0,0
"SIGM5_HAEMATOPOIETIC_AND_LYMPHOID_TISSUE",1,0,0,1,0,1,1,0,0,0,0,1,1,1,1,0,1,1,1,0,1,0,1,0
"SIMA_AUTONOMIC_GANGLIA",0,1,0,0,0,1,0,0,0,0,0,1,1,0,0,0,0,0,0,0,0,0,1,0
"SKBR3_BREAST",1,0,0,0,0,1,0,1,0,0,0,1,1,0,0,0,0,0,0,0,0,0,1,0
"SKES1_BONE",0,0,0,0,0,1,0,0,0,0,0,1,1,0,0,0,0,0,1,0,0,0,1,0
"SKHEP1_LIVER",1,0,0,0,0,1,0,0,0,0,0,1,1,0,0,0,0,0,1,0,0,0,0,0
"SKMEL2_SKIN",0,0,0,0,0,0,0,0,0,0,0,1,1,1,0,0,0,0,0,0,0,0,1,0
"SKMEL24_SKIN",1,0,0,0,0,1,0,0,0,0,0,1,1,1,0,0,0,0,0,0,0,0,1,0
"SKMEL30_SKIN",0,0,0,1,0,0,0,0,0,0,0,1,1,1,0,0,0,0,0,0,0,0,0,0
"SKMEL31_SKIN",0,0,0,0,0,0,0,0,0,0,0,1,1,0,0,0,0,0,0,0,0,0,0,0
"SKMEL5_SKIN",1,0,0,1,0,1,0,0,0,0,0,1,1,1,0,0,0,1,0,0,0,0,1,0
"SKMM2_HAEMATOPOIETIC_AND_LYMPHOID_TISSUE",1,0,0,0,0,0,0,0,0,0,0,1,1,0,0,0,0,0,1,0,0,0,0,0
"SKNBE2_AUTONOMIC_GANGLIA",0,0,0,0,0,1,0,0,0,0,0,1,1,0,0,0,0,0,0,0,0,0,1,0
"SKOV3_OVARY",1,0,0,0,0,1,0,0,1,0,0,1,1,0,0,0,0,0,1,0,0,0,0,0
"SNGM_ENDOMETRIUM",1,0,0,0,0,0,0,0,0,0,0,1,1,0,0,0,0,0,0,0,0,0,0,0
"SNU449_LIVER",0,0,0,0,0,0,0,0,0,0,0,0,1,0,0,0,0,0,0,0,0,0,0,0
"SUDHL10_HAEMATOPOIETIC_AND_LYMPHOID_TISSUE",1,1,0,0,0,1,0,0,0,0,0,1,1,0,1,1,0,0,0,0,1,1,1,0
"SUDHL4_HAEMATOPOIETIC_AND_LYMPHOID_TISSUE",1,0,0,0,0,1,0,0,0,0,0,1,1,0,0,0,0,0,0,0,0,0,1,0
"SUDHL6_HAEMATOPOIETIC_AND_LYMPHOID_TISSUE",1,1,0,0,0,1,1,1,0,1,0,1,1,0,0,0,0,0,0,0,1,0,1,1
"SUDHL8_HAEMATOPOIETIC_AND_LYMPHOID_TISSUE",1,1,0,0,0,1,0,0,0,0,0,1,1,0,0,0,0,0,0,0,0,0,1,0
"SUIT2_PANCREAS",0,0,0,0,0,1,0,0,0,0,0,1,1,1,0,0,0,0,0,0,0,0,1,0
"SUPM2_HAEMATOPOIETIC_AND_LYMPHOID_TISSUE",1,0,0,0,0,1,0,0,1,0,0,1,1,0,0,0,0,0,0,0,1,0,1,0
"SW1271_LUNG",1,0,0,0,0,1,0,0,0,0,0,1,1,0,0,0,0,0,0,0,0,0,1,0
"SW1353_BONE",1,0,0,0,0,0,0,0,0,0,0,1,1,0,0,0,0,0,0,0,0,0,0,0
"SW403_LARGE_INTESTINE",1,0,0,1,0,1,0,0,0,0,0,1,1,1,0,0,0,0,0,0,0,0,1,0
"SW48_LARGE_INTESTINE",1,0,0,1,0,1,0,0,0,0,0,1,1,1,0,0,0,0,0,0,1,0,1,0
"SW480_LARGE_INTESTINE",1,0,0,0,0,1,0,0,0,0,0,1,1,1,0,0,0,0,0,0,0,0,1,0
"SW579_THYROID",1,0,0,0,0,1,0,0,0,0,0,1,1,0,0,0,0,0,0,0,0,0,1,0
"SW620_LARGE_INTESTINE",1,0,0,1,0,1,0,0,0,0,0,1,1,1,0,0,0,0,0,0,0,0,1,0
"SW780_URINARY_TRACT",1,0,0,0,0,1,0,0,0,0,0,1,1,1,0,0,0,0,0,0,0,0,0,0
"T24_URINARY_TRACT",1,0,0,0,0,1,0,0,0,0,0,1,1,0,0,0,0,0,1,0,0,0,1,0
"T3M10_LUNG",1,0,0,0,0,0,0,0,0,0,0,1,1,0,0,0,0,0,0,0,0,0,0,0
"T84_LARGE_INTESTINE",0,0,0,0,0,0,0,0,0,0,0,1,1,0,0,0,0,0,0,0,0,0,0,0
"T98G_CENTRAL_NERVOUS_SYSTEM",1,0,0,0,0,0,0,0,0,0,0,1,1,0,0,0,0,0,0,0,0,0,0,0
"TC71_BONE",0,0,0,0,0,1,0,0,0,0,0,1,1,0,0,0,0,0,0,0,0,0,1,0
"TCCSUP_URINARY_TRACT",1,0,0,0,0,0,0,0,0,0,0,1,1,0,0,0,0,0,0,0,0,0,0,0
"TE617T_SOFT_TISSUE",1,0,1,0,0,1,0,1,0,0,0,1,1,0,0,0,0,0,0,0,0,0,1,0
"TE9_OESOPHAGUS",1,0,0,0,0,1,0,0,0,0,0,1,1,0,0,0,0,0,0,0,0,0,1,0
"TEN_ENDOMETRIUM",0,0,0,0,0,0,0,0,0,0,0,1,1,0,0,0,0,0,0,0,0,0,0,0
"TOV112D_OVARY",1,0,0,0,0,1,0,0,0,0,0,1,1,0,0,0,0,0,0,0,0,0,1,0
"TOV21G_OVARY",1,0,0,0,0,1,0,0,0,0,0,1,1,0,0,0,0,0,1,0,0,0,1,0
"TT2609C02_THYROID",1,0,0,1,0,1,0,0,0,0,0,1,1,1,0,0,0,0,1,0,0,0,1,0
"TYKNU_OVARY",1,0,0,0,0,1,0,0,0,0,0,1,1,0,0,0,0,0,0,0,0,0,1,0
"U118MG_CENTRAL_NERVOUS_SYSTEM",1,0,0,0,0,1,0,0,0,0,0,1,1,0,0,0,0,0,0,0,0,0,1,0
"U2OS_BONE",1,0,0,0,0,0,0,0,0,0,0,1,1,0,0,0,0,0,0,0,0,0,0,0
"U87MG_CENTRAL_NERVOUS_SYSTEM",1,0,0,0,0,0,0,0,0,0,0,1,1,0,0,0,0,0,0,0,0,0,0,0
"U937_HAEMATOPOIETIC_AND_LYMPHOID_TISSUE",1,0,0,0,0,1,0,0,0,0,0,1,1,0,0,0,0,0,0,0,0,0,0,0
"UACC812_BREAST",1,0,0,0,0,0,0,0,0,0,0,1,1,1,0,0,0,0,0,0,0,0,0,0
"UMUC3_URINARY_TRACT",1,0,0,0,0,0,0,0,0,0,0,1,1,0,0,0,0,0,0,0,0,0,0,0
"VMRCRCW_KIDNEY",0,0,0,0,0,1,0,0,0,0,0,0,1,0,0,0,0,0,0,0,0,0,0,0
"VMRCRCZ_KIDNEY",0,0,0,0,0,0,0,0,0,0,0,1,1,0,0,0,0,0,0,0,0,0,0,0
"WM1799_SKIN",1,0,0,1,0,0,0,0,0,0,0,1,1,1,0,0,0,0,1,0,0,0,0,0
"WM793_SKIN",1,0,0,0,0,1,0,0,0,0,0,1,1,1,0,0,0,0,0,0,0,0,1,0
"WM88_SKIN",1,0,0,1,0,1,0,0,0,0,0,1,1,1,0,0,0,1,1,0,0,0,0,0
"WM983B_SKIN",1,0,0,1,0,1,0,0,0,0,0,1,1,1,0,0,0,0,1,0,1,0,1,0
"ZR7530_BREAST",1,0,0,0,0,0,0,1,0,0,0,1,1,0,0,0,0,0,0,1,0,0,0,0
